{
  "transformation_matrix": [
    [
      0.9912902868471021,
      -0.06497717610717138,
      0.11454926358440734,
      -0.04986292277598083
    ],
    [
      0.07107332643204901,
      0.9962191833382116,
      -0.0499591935366498,
      -0.007926816508036623
    ],
    [
      -0.11086996650344835,
      0.05766546049488109,
      0.9921605440620188,
      0.03392359391206254
    ],
    [
      0.0,
      0.0,
      0.0,
      1.0
    ]
  ],
  "device1_intrinsics": {
    "fx": 504.0,
    "fy": 504.0,
    "cx": 320.0,
    "cy": 288.0,
    "width": 640,
    "height": 576
  },
  "device2_intrinsics": {
    "fx": 504.0,
    "fy": 504.0,
    "cx": 320.0,
    "cy": 288.0,
    "width": 640,
    "height": 576
  },
  "calibration_error": 28.64314280880781,
  "calibration_method": "improved_feature_matching_icp",
  "calibration_timestamp": 1753696634.393424,
  "device1_id": 0,
  "device2_id": 1,
  "num_calibration_frames": 5
}