{
  "transformation_matrix": [
    [
      0.9971576795958075,
      -0.06733803804182122,
      0.03379571948906166,
      0.019382383845133126
    ],
    [
      0.07004859936690272,
      0.9937656969031918,
      -0.08673484527714062,
      0.054547166245007946
    ],
    [
      -0.027744472419568095,
      0.08885565987146056,
      0.9956580316348416,
      0.04968877164537748
    ],
    [
      0.0,
      0.0,
      0.0,
      1.0
    ]
  ],
  "device1_intrinsics": {
    "fx": 504.0,
    "fy": 504.0,
    "cx": 320.0,
    "cy": 288.0,
    "width": 640,
    "height": 576
  },
  "device2_intrinsics": {
    "fx": 504.0,
    "fy": 504.0,
    "cx": 320.0,
    "cy": 288.0,
    "width": 640,
    "height": 576
  },
  "calibration_error": 29.51781786858879,
  "calibration_method": "improved_feature_matching_icp",
  "calibration_timestamp": 1753700793.2466724,
  "device1_id": 0,
  "device2_id": 1,
  "num_calibration_frames": 5
}