{
  "transformation_matrix": [
    [
      1.0,
      0.0,
      0.0,
      -0.25561668850155694
    ],
    [
      0.0,
      1.0,
      0.0,
      -0.15738061061745273
    ],
    [
      0.0,
      0.0,
      1.0,
      -0.11648803827751308
    ],
    [
      0.0,
      0.0,
      0.0,
      1.0
    ]
  ],
  "device1_intrinsics": {
    "fx": 504.0,
    "fy": 504.0,
    "cx": 320.0,
    "cy": 288.0,
    "width": 640,
    "height": 576
  },
  "device2_intrinsics": {
    "fx": 504.0,
    "fy": 504.0,
    "cx": 320.0,
    "cy": 288.0,
    "width": 640,
    "height": 576
  },
  "calibration_error": 0.0,
  "calibration_method": "improved_feature_matching_icp",
  "calibration_timestamp": 1753880788.3973024,
  "device1_id": 0,
  "device2_id": 1,
  "num_calibration_frames": 5
}