{
  "transformation_matrix": [
    [
      0.9998822800416522,
      -0.002901472632731774,
      0.015066768574344755,
      -0.04320448132664103
    ],
    [
      0.0020565127892830663,
      0.9984400336157175,
      0.055796684745577654,
      -0.2144176984983296
    ],
    [
      -0.015205157475635866,
      -0.05575913135990703,
      0.9983284642121228,
      0.21865954799514747
    ],
    [
      0.0,
      0.0,
      0.0,
      1.0
    ]
  ],
  "device1_intrinsics": {
    "fx": 504.0,
    "fy": 504.0,
    "cx": 320.0,
    "cy": 288.0,
    "width": 640,
    "height": 576
  },
  "device2_intrinsics": {
    "fx": 504.0,
    "fy": 504.0,
    "cx": 320.0,
    "cy": 288.0,
    "width": 640,
    "height": 576
  },
  "calibration_error": 32.90546695410096,
  "calibration_method": "improved_feature_matching_icp",
  "calibration_timestamp": 1753697998.5936904,
  "device1_id": 0,
  "device2_id": 1,
  "num_calibration_frames": 5
}